Time,max_pss,rss,cpu,threads
1771971310,277939,280968,0.0,1
1771971312,1277395,2557408,0.0,2
1771971314,1277395,2557408,0.0,2
1771971316,1277395,2557408,0.0,2
1771971318,1277395,2557408,0.0,2
1771971320,1277395,2557408,0.0,2
1771971322,1277395,2557408,0.0,2
1771971324,1277395,2557408,0.0,2
1771971326,1277395,2557408,0.0,2
1771971328,1277395,2557408,0.0,2
1771971330,1277395,2557408,0.0,2
1771971332,1277395,2557408,0.0,2
1771971334,1277395,2557408,0.0,2
1771971336,1277395,2557408,0.0,2
1771971338,1277395,2557408,0.0,2
1771971340,1277395,2557408,0.0,2
1771971342,1277395,2557408,0.0,2
1771971344,1277395,2557408,0.0,2
1771971346,1277395,2557408,0.0,2
1771971348,1277395,2557408,0.0,2
1771971350,1277395,2557408,0.0,2
1771971352,1277395,2557408,0.0,2
1771971354,1277395,2557408,0.0,2
1771971356,1277395,2557408,0.0,2
1771971358,1277395,2557408,0.0,2
1771971360,1277395,2557408,0.0,2
1771971362,1277395,2557408,0.0,2
1771971364,1277395,2557408,0.0,2
1771971366,1277395,2557408,0.0,2
1771971368,1277395,2557408,0.0,2
1771971370,1277395,2557408,0.0,2
1771971372,1277395,2557408,0.0,2
1771971374,1277395,2557408,0.0,2
1771971376,1277395,2557408,0.0,2
1771971378,1277395,2557408,0.0,2
1771971380,1277395,2557408,0.0,2
1771971382,1277395,2557408,0.0,2
1771971384,1277395,2557408,0.0,2
1771971386,1277395,2557408,0.0,2
1771971388,1277395,2557408,0.0,2
1771971390,1277395,2557408,0.0,2
1771971392,1277395,2557408,0.0,2
1771971394,1277395,2557408,0.0,2
1771971396,1277395,2557408,0.0,2
1771971398,1277395,2557408,0.0,2
1771971400,1277395,2557408,0.0,2
1771971402,1277395,2557408,0.0,2
1771971404,1277395,2557408,0.0,2
1771971406,1277395,2557408,0.0,2
1771971408,1277395,2557408,0.0,2
1771971410,1277395,2557408,0.0,2
1771971412,1277395,2557408,0.0,2
1771971414,1277395,2557408,0.0,2
1771971416,1277395,2557408,0.0,2
1771971418,1277395,2557408,0.0,2
1771971420,1277395,2557408,0.0,2
1771971422,1277395,2557408,0.0,2
1771971424,1277395,2557408,0.0,2
1771971426,1277395,2557408,0.0,2
1771971428,1277395,2557408,0.0,2
1771971430,1277395,2557408,0.0,2
1771971432,1277395,2557408,0.0,2
1771971434,1277395,2557408,0.0,2
1771971436,1277395,2557408,0.0,2
1771971438,1277395,2557408,0.0,2
1771971440,1277395,2557408,0.0,2
1771971442,1277395,2557408,0.0,2
1771971444,1277395,2557408,0.0,2
1771971446,1277395,2557408,0.0,2
1771971448,1277395,2557408,0.0,2
1771971450,1277395,2557408,0.0,2
1771971452,1277395,2557408,0.0,2
1771971454,1277395,2557408,0.0,2
1771971456,1277395,2557408,0.0,2
1771971458,1277395,2557408,0.0,2
1771971460,1277395,2557408,0.0,2
1771971462,1277395,2557408,0.0,2
1771971464,1277395,2557408,0.0,2
1771971466,1277395,2557408,0.0,2
1771971468,1277395,2557408,0.0,2
1771971470,1277395,2557408,0.0,2
