Time,wtime,pss,rss,swap,vmem,rchar,read_bytes,wchar,write_bytes,rx_bytes,rx_packets,tx_bytes,tx_packets,stime,utime,nprocs,nthreads
1771974552,0,1551,10448,0,1205200,6592,0,18735191,18735104,3389,29,4188,32,0,0,4,20
1771974554,2,1503,10448,0,1205200,6592,0,198754391,198754304,8206,76,9603,81,1,0,4,20
1771974556,4,1551,10448,0,1205200,6592,0,378671191,378671104,14112,107,29803,119,3,0,4,20
1771974558,6,1553,10448,0,1205200,6592,0,559095895,559095808,18510,140,34227,153,5,0,4,20
1771974560,8,1551,10448,0,1205200,6592,0,739782743,739782656,20044,152,36399,167,6,1,4,20
1771974562,10,1553,10448,0,1205200,6592,0,919097431,919097344,27618,192,58087,213,8,1,4,20
1771974564,12,1552,10448,0,1205200,6592,0,1099386967,1099386880,29528,207,60319,230,9,1,4,20
1771974566,14,1530,10448,0,1205200,6592,0,1279889495,1279889408,30820,215,62097,240,11,1,4,20
1771974568,16,1551,10448,0,1205200,6592,0,1460101207,1460101120,37786,251,67545,279,13,2,4,20
1771974570,18,1551,10448,0,1205200,6592,0,1640874071,1640873984,40480,273,86317,306,14,2,4,20
1771974572,20,1555,10448,0,1205200,6592,0,1819983959,1819983872,43997,297,90196,331,16,2,4,20
1771974574,22,1555,10448,0,1205200,6592,0,2000797783,2000797696,45841,311,92334,347,18,2,4,20
1771974576,24,1551,10448,0,1205200,6592,0,2181443671,2181443584,51190,335,111921,378,19,2,4,20
1771974578,26,1552,10448,0,1205200,6592,0,2360905815,2360905728,55259,365,116160,409,21,3,4,20
1771974580,28,1555,10448,0,1205200,6592,0,2541326423,2541326336,56793,377,118332,423,22,3,4,20
1771974582,30,1551,10448,0,1205200,6592,0,2716721239,2716721152,64643,421,140448,473,24,3,4,20
1771974584,32,1547,10448,0,1205200,6592,0,2896998487,2896998400,66487,435,142586,489,26,3,4,20
1771974586,34,1551,10448,0,1205200,6592,0,3077517399,3077517312,79346,485,152824,536,27,4,4,20
1771974588,36,1555,10448,0,1205200,6592,0,3257565271,3257565184,100612,565,166347,609,29,4,4,20
1771974590,38,1551,10448,0,1205200,6592,0,3438162007,3438161920,109786,608,188018,660,31,4,4,20
1771974592,40,1553,10448,0,1205200,6592,0,3617775703,3617775616,113303,632,191897,685,32,4,4,20
1771974594,42,1555,10448,0,1205200,6592,0,3798024279,3798024192,115213,647,194129,702,34,5,4,20
1771974596,44,1552,10448,0,1205200,6592,0,3978612823,3978612736,121136,677,214298,739,35,5,4,20
1771974598,46,1552,10448,0,1205200,6592,0,4159066199,4159066112,124631,701,217955,764,37,5,4,20
1771974600,48,1551,10448,0,1205200,6592,0,4338843735,4338843648,126165,713,220127,778,39,5,4,20
1771974602,50,1553,10448,0,1205200,6592,0,4518457431,4518457344,133739,753,241815,824,40,6,4,20
1771974604,52,1534,10448,0,1205200,6592,0,4698792023,4698791936,135583,767,243953,840,42,6,4,20
1771974606,54,1552,10448,0,1205200,6592,0,4878811223,4878811136,140961,800,258275,876,43,6,4,20
1771974608,56,1556,10448,0,1205200,6592,0,5059190871,5059190784,148072,839,263834,917,45,6,4,20
1771974610,58,1555,10448,0,1205200,6592,0,5239574615,5239574528,151875,874,284063,958,47,7,4,20
1771974612,60,1552,10448,0,1205200,6592,0,5419421783,5419421696,155369,902,288236,985,48,7,4,20
1771974614,62,1555,10448,0,1205200,6592,0,5599850583,5599850496,158250,928,290903,1011,50,7,4,20
1771974616,64,1552,10448,0,1205200,6592,0,5780070487,5780070400,164545,962,311500,1052,52,7,4,20
1771974618,66,1556,10448,0,1205200,6592,0,5960577111,5960577024,168733,993,315894,1086,53,8,4,20
1771974620,68,1553,10448,0,1205200,6592,0,6141141079,6141140992,170141,1003,318072,1100,55,8,4,20
1771974622,70,1553,10448,0,1205200,6592,0,6320431191,6320431104,177517,1040,339760,1146,57,8,4,20
1771974624,72,1552,10448,0,1205200,6592,0,6500032599,6500032512,179517,1056,341992,1163,58,8,4,20
1771974626,74,1553,10448,0,1205200,6592,0,6679502935,6679502848,181383,1070,344352,1179,60,8,4,20
1771974628,76,1555,10448,0,1205200,6592,0,6859984983,6859984896,187775,1100,349218,1212,61,9,4,20
1771974630,78,1551,10448,0,1205200,6592,0,7040827479,7040827392,190469,1122,367990,1239,63,9,4,20
1771974632,80,1556,10448,0,1205200,6592,0,7220097111,7220097024,194262,1150,372297,1268,65,9,4,20
1771974634,82,1555,10448,0,1205200,6592,0,7400321111,7400321024,196106,1164,374435,1284,66,9,4,20
1771974636,84,1556,10448,0,1205200,6592,0,7581048919,7581048832,200869,1184,378004,1308,68,10,4,20
1771974638,86,1551,10448,0,1205200,6592,0,7760789591,7760789504,205668,1220,398405,1348,70,10,4,20
1771974640,88,1552,10448,0,1205200,6592,0,7941410903,7941410816,207202,1232,400577,1362,71,10,4,20
1771974642,90,1552,10448,0,1205200,6592,0,8119611479,8119611392,210719,1256,404456,1387,73,10,4,20
1771974644,92,1556,10448,0,1205200,6592,0,8298659927,8298659840,216686,1287,424403,1424,74,11,4,20
1771974646,94,1551,10448,0,1205200,6592,0,8478879831,8478879744,218552,1301,426763,1440,76,11,4,20
1771974648,96,1556,10448,0,1205200,6592,0,8658632791,8658632704,222047,1325,430420,1465,78,11,4,20
1771974650,98,1551,10448,0,1205200,6592,0,8839245911,8839245824,230601,1360,451277,1508,79,11,4,20
1771974652,100,1556,10448,0,1205200,6592,0,9019015255,9019015168,237635,1398,457179,1549,81,11,4,20
1771974654,102,1556,10448,0,1205200,6592,0,9198891095,9198891008,239545,1413,459411,1566,83,12,4,20
1771974656,104,1556,10448,0,1205200,6592,0,9379237975,9379237888,245991,1444,464749,1601,84,12,4,20
1771974658,106,1551,10448,0,1205200,6592,0,9541660759,9541660672,248963,1467,483237,1628,86,12,4,20
1771974660,108,1555,10448,0,1205200,6592,0,9721811031,9721810944,250497,1479,485409,1642,87,12,4,20
1771974662,110,1551,10448,0,1205200,6592,0,9882959959,9882959872,254290,1507,489716,1671,89,13,4,20
1771974664,112,1556,10448,0,1205200,6592,0,10053865559,10053865472,260191,1537,509663,1708,90,13,4,20
1771974666,114,1553,10448,0,1205200,6592,0,10233921623,10233921536,270911,1643,1852713,1807,92,13,4,20
1771974668,116,1555,10448,0,1205200,6592,0,10414305367,10414305280,275346,1677,1857312,1844,94,13,4,20
1771974670,118,1551,10448,0,1205200,6592,0,10594586711,10594586624,281359,1709,1878007,1884,95,14,4,20
1771974672,120,1556,10448,0,1205200,6592,0,10775130199,10775130112,284876,1733,1881886,1909,97,14,4,20
1771974674,122,1551,10448,0,1205200,6592,0,10954797143,10954797056,287321,1754,1884681,1932,98,14,4,20
1771974676,124,1551,10448,0,1205200,6592,0,11134767191,11134767104,291805,1771,1887851,1953,100,14,4,20
1771974678,126,1555,10448,0,1205200,6592,0,11315208279,11315208192,297607,1818,1909237,2003,102,15,4,20
1771974680,128,1555,10448,0,1205200,6592,0,11495805015,11495804928,299696,1837,1912020,2024,103,15,4,20
1771974682,130,1556,10448,0,1205200,6592,0,11675775063,11675774976,303713,1867,1916323,2053,105,15,4,20
1771974684,132,1555,10448,0,1205200,6592,0,11855425623,11855425536,310320,1906,1937044,2099,107,15,4,20
1771974686,134,1531,10448,0,1205200,6592,0,12035481687,12035481600,312114,1920,1939314,2114,108,15,4,20
1771974688,136,1555,10448,0,1205200,6592,0,12208857175,12208857088,316495,1953,1943671,2147,110,16,4,20
1771974690,138,1556,10448,0,1205200,6592,0,12389843031,12389842944,320929,1971,1947055,2169,111,16,4,20
1771974692,140,1556,10448,0,1205200,6592,0,12570320983,12570320896,325474,2003,1967402,2205,113,16,4,20
1771974694,142,1556,10448,0,1205200,6592,0,12750200919,12750200832,327318,2017,1969540,2221,114,16,4,20
1771974696,144,1552,10448,0,1205200,6592,0,12930900055,12930899968,328610,2025,1971318,2231,116,17,4,20
1771974698,146,1553,10448,0,1205200,6592,0,13110935639,13110935552,336736,2071,1993366,2283,118,17,4,20
1771974700,148,1551,10448,0,1205200,6592,0,13291581527,13291581440,338270,2083,1995538,2297,119,17,4,20
1771974702,150,1555,10448,0,1205200,6592,0,13472010327,13472010240,341787,2107,1999417,2322,121,17,4,20
1771974704,152,1554,10448,0,1205200,6592,0,13651333207,13651333120,346528,2127,2002764,2346,123,18,4,20
1771974706,154,1556,10448,0,1205200,6592,0,13831479383,13831479296,348980,2145,2021142,2369,124,18,4,20
1771974708,156,1556,10448,0,1205200,6592,0,14006231127,14006231040,363953,2210,2033271,2431,126,18,4,20
1771974710,158,1553,10448,0,1205200,6592,0,14186111063,14186110976,380054,2267,2043625,2480,127,18,4,20
1771974712,160,1553,10448,0,1205200,6592,0,14366593111,14366593024,393034,2319,2051676,2538,129,18,4,20
1771974714,162,1551,10448,0,1205200,6592,0,14545940567,14545940480,396104,2344,2070508,2568,131,19,4,20
1771974716,164,1551,10448,0,1205200,6592,0,14726525015,14726524928,397396,2352,2072286,2578,132,19,4,20
1771974718,166,1556,10448,0,1205200,6592,0,14907154519,14907154432,401465,2382,2076525,2609,134,19,4,20
1771974720,168,1556,10448,0,1205200,6592,0,15087202391,15087202304,407056,2410,2096506,2644,136,19,4,20
1771974722,170,1555,10448,0,1205200,6592,0,15267422295,15267422208,410573,2434,2100385,2669,137,20,4,20
1771974724,172,1552,10448,0,1205200,6592,0,15446429783,15446429696,412417,2448,2102523,2685,139,20,4,20
1771974726,174,1553,10448,0,1205200,6592,0,15625789527,15625789440,418280,2475,2131786,2721,141,20,4,20
1771974728,176,1553,10448,0,1205200,6592,0,15806296151,15806296064,422349,2505,2136025,2752,142,20,4,20
1771974730,178,1555,10448,0,1205200,6592,0,15986294871,15986294784,423883,2517,2138197,2766,144,21,4,20
1771974732,180,1555,10448,0,1205200,6592,0,16166559831,16166559744,431879,2561,2160599,2817,145,21,4,20
1771974734,182,1556,10448,0,1205200,6592,0,16346349655,16346349568,434324,2582,2163394,2840,147,21,4,20
1771974736,184,1553,10448,0,1205200,6592,0,16526774359,16526774272,435911,2593,2165355,2853,149,21,4,20
1771974738,186,1555,10448,0,1205200,6592,0,16707354711,16707354624,444198,2641,2187548,2907,150,22,4,20
1771974740,188,1553,10448,0,1205200,6592,0,16887906391,16887906304,445798,2654,2189852,2923,152,22,4,20
1771974742,190,1552,10448,0,1205200,6592,0,17066041431,17066041344,449315,2678,2193731,2948,154,22,4,20
1771974744,192,1552,10448,0,1205200,6592,0,17244962903,17244962816,454212,2700,2197172,2973,155,22,4,20
1771974746,194,1534,10448,0,1205200,6592,0,17425100887,17425100800,456664,2718,2215550,2996,157,22,4,20
1771974748,196,1556,10448,0,1205200,6592,0,17605218391,17605218304,461394,2756,2220402,3034,158,23,4,20
1771974750,198,1555,10448,0,1205200,6592,0,17785831511,17785831424,463569,2776,2223239,3056,160,23,4,20
1771974752,200,1555,10448,0,1205200,6592,0,17965912151,17965912064,471645,2822,2245353,3106,162,23,4,20
1771974754,202,1555,10448,0,1205200,6592,0,18145402967,18145402880,481275,2857,2250631,3153,163,23,4,20
1771974756,204,1551,10448,0,1205200,6592,0,18325885015,18325884928,483069,2871,2252901,3168,165,24,4,20
1771974758,206,1553,10448,0,1205200,6592,0,18505519191,18505519104,491302,2918,2274952,3220,166,24,4,20
1771974760,208,1556,10448,0,1205200,6592,0,18685931607,18685931520,492839,2930,2277127,3234,168,24,4,20
1771974762,210,1556,10448,0,1205200,6592,0,18848616535,18848616448,496356,2954,2281006,3259,170,24,4,20
1771974764,212,1553,10448,0,1205200,6592,0,19026374743,19026374656,502257,2984,2300953,3296,171,25,4,20
1771974766,214,1551,10448,0,1205200,6592,0,19206979671,19206979584,503549,2992,2302731,3306,173,25,4,20
1771974768,216,1533,10448,0,1205200,6592,0,19387490391,19387490304,507618,3022,2306970,3337,174,25,4,20
1771974770,218,1554,10448,0,1205200,6592,0,19550093399,19550093312,512049,3040,2310351,3359,176,25,4,20
1771974772,220,1551,10448,0,1205200,6592,0,19730841687,19730841600,523416,3098,2334157,3425,177,26,4,20
1771974774,222,1551,10448,0,1205200,6592,0,19911381079,19911380992,525326,3113,2336389,3442,179,26,4,20
1771974776,224,1555,10448,0,1205200,6592,0,20091199575,20091199488,526618,3121,2338167,3452,181,26,4,20
1771974778,226,1556,10448,0,1205200,6592,0,20271669335,20271669248,534744,3167,2360215,3504,182,26,4,20
1771974780,228,1556,10448,0,1205200,6592,0,20451565655,20451565568,536278,3179,2362387,3518,184,26,4,20
1771974782,230,1553,10448,0,1205200,6592,0,20628529239,20628529152,539795,3203,2366266,3543,186,27,4,20
1771974784,232,1551,10448,0,1205200,6592,0,20802125911,20802125824,544536,3223,2369613,3567,187,27,4,20
1771974786,234,1555,10448,0,1205200,6592,0,20981088343,20981088256,547282,3243,2397603,3594,189,27,4,20
1771974788,236,1552,10448,0,1205200,6592,0,21161398359,21161398272,551637,3275,2401908,3626,190,27,4,20
1771974790,238,1534,10448,0,1205200,6592,0,21341802583,21341802496,553171,3287,2404080,3640,192,28,4,20
1771974792,240,1556,10448,0,1205200,6592,0,21521834071,21521833984,556688,3311,2407959,3665,194,28,4,20
1771974794,242,1552,10448,0,1205200,6592,0,21702123607,21702123520,563679,3353,2429344,3715,195,28,4,20
1771974796,244,1551,10448,0,1205200,6592,0,21881352279,21881356288,565266,3364,2431305,3728,197,28,4,20
1771974798,246,1551,10448,0,1205200,6592,0,22061936727,22061936640,569496,3396,2435689,3761,199,29,4,20
1771974800,248,1552,10448,0,1205200,6592,0,22242390103,22242390016,573927,3414,2439070,3783,200,29,4,20
1771974802,250,1551,10448,0,1205200,6592,0,22421999703,22421999616,578604,3448,2459549,3821,202,29,4,20
1771974804,252,1551,10448,0,1205200,6592,0,22589464663,22589464576,580514,3463,2461781,3838,203,29,4,20
1771974806,254,1553,10448,0,1205200,6592,0,22703587415,22703587328,581806,3471,2463559,3848,204,29,4,20
1771974808,256,1552,10448,0,1205200,6592,0,22817939543,22817939456,589932,3517,2485607,3900,205,30,4,20
1771974810,258,1555,10448,0,1205200,6592,0,22932258903,22932258816,591466,3529,2487779,3914,206,30,4,20
1771974812,260,1551,10448,0,1205200,6592,0,23045345367,23045345280,594982,3553,2491657,3939,207,30,4,20
1771974814,262,1551,10448,0,1205200,6592,0,23159861335,23159861248,600883,3583,2511604,3976,208,30,4,20
1771974816,264,1553,10448,0,1205200,6592,0,23273898071,23273897984,611946,3609,2515625,4003,209,30,4,20
1771974818,266,1551,10448,0,1205200,6592,0,23388151895,23388151808,617003,3650,2530185,4046,210,30,4,20
1771974820,268,1555,10448,0,1205200,6592,0,23502741591,23502741504,621939,3674,2534127,4074,211,31,4,20
1771974822,270,1555,10448,0,1205200,6592,0,23617314903,23617314816,627118,3714,2555032,4116,212,31,4,20
1771974824,272,1552,10448,0,1205200,6592,0,23731724375,23731724288,629536,3735,2557784,4139,213,31,4,20
1771974826,274,1551,10448,0,1205200,6592,0,23845871703,23845871616,631330,3749,2560054,4154,214,31,4,20
1771974828,276,1545,10448,0,1205200,6592,0,23960260695,23960260608,639474,3795,2582038,4205,215,31,4,20
1771974830,278,1552,10448,0,1205200,6592,0,24074547287,24074547200,658326,3862,2596015,4265,216,31,4,20
1771974832,280,1556,10448,0,1205200,6592,0,24188969047,24188968960,672994,3918,2604955,4317,217,32,4,20
1771974834,282,1508,10448,0,1205200,14252480,15138816,24303337559,24303337472,681318,3953,2610419,4358,219,32,4,20
1771974836,284,1551,10448,0,1205200,79935936,80674816,24417947735,24417947648,683836,3972,2628797,4381,220,32,4,20
1771974838,286,1556,10448,0,1205200,144611776,145555456,24532697175,24532697088,687992,4003,2633101,4413,222,32,4,20
1771974840,288,1551,10448,0,1205200,207985088,208732160,24647336023,24647335936,689526,4015,2635273,4427,223,33,4,20
1771974842,290,1556,10448,0,1205200,274078144,274923520,24762130519,24762130432,697188,4056,2657027,4474,225,33,4,20
1771974844,292,1553,10448,0,1205200,330766784,331808768,24876847191,24876847104,699032,4070,2659165,4490,226,33,4,20
1771974846,294,1553,10448,0,1205200,360126912,361168896,24990285911,24990285824,700904,4082,2670619,4505,228,33,4,20
1771974848,296,1556,10448,0,1205200,418257344,418971648,25104461911,25104461824,708744,4126,2692601,4556,229,33,4,20
1771974850,298,1531,10448,0,1205200,484182464,484900864,25219125335,25219125248,710630,4141,2694905,4572,231,34,4,20
1771974852,300,1552,10448,0,1205200,550148544,550961152,25333948503,25333948416,714147,4165,2698784,4597,232,34,4,20
1771974854,302,1551,10448,0,1205200,616331712,617021440,25448976471,25448976384,716592,4186,2701579,4620,234,34,4,20
1771974856,304,1551,10448,0,1205200,681695680,682557440,25563258967,25563258880,722658,4217,2722063,4659,236,34,4,20
1771974858,306,1555,10448,0,1205200,747743680,748617728,25678250071,25678249984,726888,4249,2726447,4692,237,35,4,20
1771974860,308,1551,10448,0,1205200,813861312,814546944,25793310807,25793310720,728422,4261,2728619,4706,239,35,4,20
1771974862,310,1553,10448,0,1205200,879733184,880607232,25907818583,25907818496,735996,4301,2750307,4752,240,35,4,20
1771974864,312,1555,10448,0,1205200,945973696,946667520,26022797399,26022797312,737996,4317,2752539,4769,242,35,4,20
1771974866,314,1554,10448,0,1205200,1011673536,1012334592,26137501783,26137501696,739288,4325,2754317,4779,244,36,4,20
1771974868,316,1553,10448,0,1205200,1073613248,1074331648,26252107863,26252107776,746398,4363,2759909,4820,245,36,4,20
1771974870,318,1554,10448,0,1205200,1139722688,1140391936,26366988375,26366988288,749264,4387,2778789,4849,247,36,4,20
1771974872,320,1551,10448,0,1205200,1189435840,1190199296,26470023255,26470023168,752867,4412,2782732,4875,248,36,4,20
1771974874,322,1554,10448,0,1205200,1216944576,1217986560,26534137943,26534137856,754711,4426,2784870,4891,249,36,4,20
1771974876,324,1554,10448,0,1205200,1273813440,1274609664,26595377239,26595377152,760060,4450,2804457,4922,250,37,4,20
1771974878,326,1552,10448,0,1205200,1335159232,1336082432,26656612439,26656612352,764217,4481,2808762,4954,251,37,4,20
1771974880,328,1551,10448,0,1205200,1396632000,1397424128,26717966423,26717966336,765751,4493,2810934,4968,252,37,4,20
1771974882,330,1556,10448,0,1205200,1457985984,1458765824,26779189335,26779189248,772165,4523,2816022,5001,253,37,4,20
1771974884,332,1556,10448,0,1205200,1513286080,1513947136,26834362455,26834362368,775235,4548,2834826,5031,254,37,4,20
1771974886,334,1551,10448,0,1205200,1574623680,1575288832,26895630423,26895630336,776527,4556,2836604,5041,256,37,4,20
1771974888,336,1555,10448,0,1205200,1635994048,1636630528,26956845143,26956845056,781295,4595,2841598,5081,257,37,4,20
1771974890,338,1551,10448,0,1205200,1697274304,1697841152,27018190935,27018190848,785729,4613,2844982,5103,258,38,4,20
1771974892,340,1551,10448,0,1205200,1758693824,1759576064,27079528535,27079528448,790908,4653,2865887,5145,259,38,4,20
1771974894,342,1551,10448,0,1205200,1820109248,1821048832,27140821079,27140820992,799690,4693,2871516,5191,260,38,4,20
1771974896,344,1552,10448,0,1205200,1881467328,1882390528,27202080855,27202080768,801534,4708,2873902,5208,261,38,4,20
1771974898,346,1556,10448,0,1205200,1942940096,1943732224,27263377495,27263377408,809021,4750,2879779,5251,262,38,4,20
1771974900,348,1556,10448,0,1205200,2004163008,1974657024,27324559447,27324559360,811718,4772,2898554,5278,264,38,4,20
1771974902,350,1551,10448,0,1205200,2073409984,1982373888,27385786455,27385786368,815235,4796,2902433,5303,265,38,4,20
1771974904,352,1556,10448,0,1205200,2187639232,2031181824,27449114711,27449114624,817079,4810,2904571,5319,266,39,4,20
1771974906,354,1556,10448,0,1205200,2293176768,2098655232,27511885911,27511885824,823008,4838,2933834,5355,268,39,4,20
1771974908,356,1551,10448,0,1205200,2371189184,2174873600,27574132823,27574132736,827077,4868,2938073,5386,269,39,4,20
1771974910,358,1537,10448,0,1205200,2489391552,2289004544,27637567575,27637567488,828611,4880,2940245,5400,270,39,4,20
1771974912,360,1551,10448,0,1205200,2607458752,2406506496,27700908119,27700908032,835899,4918,2961867,5445,272,40,4,20
1771974914,362,1551,10448,0,1205200,2725648832,2523164672,27764277335,27764277248,838696,4942,2964794,5470,274,40,4,20
1771974916,364,1553,10448,0,1205200,2843113920,2638327808,27827490903,27827490816,840283,4953,2966755,5483,275,40,4,20
1771974918,366,1551,10448,0,1205200,2960955840,2755768320,27890749527,27890749440,844369,4983,2970995,5514,277,40,4,20
1771974920,368,1553,10448,0,1205200,3079166400,2873958400,27954233431,27954233344,850382,5015,2991690,5554,278,41,4,20
1771974922,370,1551,10448,0,1205200,3196762560,2989027328,28017455191,28017455104,853897,5039,2995567,5579,280,41,4,20
1771974924,372,1555,10448,0,1205200,3314850240,3106762752,28080848983,28080848896,855807,5054,2997799,5596,281,41,4,20
1771974926,374,1556,10448,0,1205200,3433093568,3223625728,28144250967,28144250880,860444,5072,3002147,5619,283,41,4,20
1771974928,376,1556,10448,0,1205200,3550525888,3340750848,28207415383,28207415296,865499,5112,3022051,5662,284,42,4,20
1771974930,378,1551,10448,0,1205200,3668908480,3459366912,28270882903,28270882816,867033,5124,3024223,5676,286,42,4,20
1771974932,380,1530,10448,0,1205200,3786947008,3577315328,28334227543,28334227456,870550,5148,3028102,5701,287,42,4,20
1771974934,382,1553,10448,0,1205200,3897719232,3687825408,28397383767,28397383680,876165,5176,3047983,5737,289,42,4,20
1771974936,384,1551,10448,0,1205200,4015544768,3805446144,28460654679,28460654592,877809,5187,3049893,5749,290,43,4,20
1771974938,386,1553,10448,0,1205200,4132313536,3921022976,28523552855,28523552768,881966,5218,3054198,5781,292,43,4,20
1771974940,388,1552,10448,0,1205200,4215949760,4004909056,28586201175,28586201088,883500,5230,3056370,5795,293,43,4,20
1771974942,390,1551,10448,0,1205200,4321892800,4110290944,28649295959,28649295872,891074,5270,3078058,5841,295,43,4,20
1771974944,392,1555,10448,0,1205200,4439927232,4228386816,28712607831,28712607744,892918,5284,3080196,5857,296,44,4,20
1771974946,394,1555,10448,0,1205200,4558117312,4346482688,28775989335,28775989248,894210,5292,3081974,5867,298,44,4,20
1771974948,396,1556,10448,0,1205200,4675807680,4464316416,28839211095,28839211008,902336,5338,3104022,5919,299,44,4,20
1771974950,398,1551,10448,0,1205200,4793899456,4582281216,28902563927,28902563840,903870,5350,3106194,5933,301,44,4,20
1771974952,400,1551,10448,0,1205200,4911835584,4700114944,28965855319,28965855232,930978,5449,3125819,6020,302,45,4,20
1771974954,402,1556,10448,0,1205200,5029890496,4818210816,29029249111,29029249024,945324,5507,3148981,6085,304,45,4,20
1771974956,404,1552,10448,0,1205200,5148219840,4936699904,29092659287,29092659200,946616,5515,3150759,6095,305,45,4,20
1771974958,406,1553,10448,0,1205200,5265762752,5054271488,29155835991,29155835904,950685,5545,3154998,6126,307,45,4,20
1771974960,408,1552,10448,0,1205200,5384108480,5172629504,29219246167,29219246080,955673,5570,3158992,6155,309,45,4,20
1771974962,410,1552,10448,0,1205200,5502425536,5290987520,29282701399,29282701312,961126,5614,3180323,6201,310,46,4,20
1771974964,412,1553,10448,0,1205200,5620976064,5385662464,29346209879,29346209792,963428,5633,3182959,6222,312,46,4,20
1771974966,414,1551,10448,0,1205200,5739293120,5453926400,29409628247,29409628160,978972,5736,4551340,6332,313,46,4,20
1771974968,416,1556,10448,0,1205200,5852674496,5516521472,29472690263,29472690176,987355,5784,4573817,6388,315,46,4,20
1771974970,418,1534,10448,0,1205200,5971122624,5605101568,29536129111,29536129024,988760,5794,4575992,6402,316,47,4,20
1771974972,420,1553,10448,0,1205200,6087985600,5720571904,29599432791,29599432704,992079,5815,4579871,6427,318,47,4,20
1771974974,422,1552,10448,0,1205200,6147643840,5777780736,29661724759,29661724672,998164,5848,4600410,6470,319,47,4,20
1771974976,424,1556,10448,0,1205200,6265313728,5894340608,29724893271,29724893184,1000037,5861,4602503,6485,320,47,4,20
1771974978,426,1556,10448,0,1205200,6383020480,6011150336,29788110935,29788110848,1003925,5888,4606743,6516,322,48,4,20
1771974980,428,1556,10448,0,1205200,6501403072,6127726592,29851545687,29851545600,1005327,5898,4608915,6530,323,48,4,20
1771974982,430,1556,10448,0,1205200,6618962368,6245335040,29914706007,29914705920,1013269,5941,4631461,6583,325,48,4,20
1771974984,432,1551,10448,0,1205200,6737250752,6362079232,29978144855,29978144768,1015269,5957,4633693,6600,326,49,4,20
1771974986,434,1553,10448,0,1205200,6855625152,6479888384,30041620567,30041620480,1016561,5965,4635471,6610,328,49,4,20
1771974988,436,1556,10448,0,1205200,6972697024,6596542464,30104604759,30104604672,1023527,6001,4640919,6649,329,49,4,20
1771974990,438,1552,10448,0,1205200,7090993600,6714064896,30168047703,30168047616,1026221,6023,4659691,6676,331,49,4,20
1771974992,440,1556,10448,0,1205200,7208856000,6831448064,30231363671,30231363584,1030102,6052,4664064,6706,332,50,4,20
1771974994,442,1556,10448,0,1205200,7327156672,6949666816,30294757463,30294757376,1031946,6066,4666136,6721,334,50,4,20
1771974996,444,1553,10448,0,1205200,7433767360,7056359424,30351843415,30351843328,1037361,6091,4685723,6752,335,50,4,20
1771974998,446,1553,10448,0,1205200,7551338944,7173971968,30415036503,30415036416,1044547,6154,4693649,6819,337,50,4,20
1771975000,448,1553,10448,0,1205200,7664597440,7287021568,30478270551,30478270464,1048284,6191,4698502,6861,338,50,4,20
1771975002,450,1551,10448,0,1205200,7780006336,7401283584,30541488215,30541488128,1062644,6303,4729032,6989,340,51,4,20
1771975004,452,1552,10448,0,1205200,7897795008,7518576640,30604734551,30604734464,1071633,6394,4739179,7084,341,51,4,20
1771975006,454,1552,10448,0,1205200,7996004800,7617667072,30667702359,30667702272,1073393,6407,4741515,7100,343,51,4,20
1771975008,456,1552,10448,0,1205200,8082827712,7703781376,30728724567,30728724480,1077889,6440,4746123,7137,344,51,4,20
1771975010,458,1552,10448,0,1205200,8200354240,7821352960,30791848023,30791847936,1083351,6466,4766107,7172,346,52,4,20
1771975012,460,1554,10448,0,1205200,8318740928,7939842048,30855290967,30855290880,1086880,6490,4770130,7199,347,52,4,20
1771975014,462,1552,10448,0,1205200,8437000640,8058068992,30918668375,30918668288,1095204,6525,4775261,7240,349,52,4,20
1771975016,464,1555,10448,0,1205200,8555297216,8176558080,30982123607,30982123520,1100553,6549,4794848,7271,350,52,4,20
1771975018,466,1553,10448,0,1205200,8673552832,8294522880,31045468247,31045468160,1104622,6579,4799087,7302,352,53,4,20
1771975020,468,1556,10448,0,1205200,8791054784,8412225536,31108624471,31108624384,1106156,6591,4801259,7316,353,53,4,20
1771975022,470,1552,10448,0,1205200,8909199808,8530452480,31172010071,31172009984,1112846,6625,4806775,7353,355,53,4,20
1771975024,472,1555,10448,0,1205200,9027475904,8648548352,31235424343,31235424256,1115850,6649,4825513,7382,356,53,4,20
1771975026,474,1555,10448,0,1205200,9145592256,8766775296,31298768983,31298768896,1117208,6658,4831475,7393,358,54,4,20
1771975028,476,1551,10448,0,1205200,9263647168,8884740096,31362101335,31362101248,1121791,6691,4841205,7428,359,54,4,20
1771975030,478,1551,10448,0,1205200,9381185984,9002180608,31425261655,31425261568,1127938,6726,4861798,7470,361,54,4,20
1771975032,480,1551,10448,0,1205200,9499011520,9120145408,31488540759,31488540672,1132233,6760,4866531,7503,363,54,4,20
1771975034,482,1556,10448,0,1205200,9608632768,9229721600,31551725655,31551725568,1135204,6787,4869826,7531,364,55,4,20
1771975036,484,1556,10448,0,1205200,9726532032,9347424256,31614984279,31614984192,1139897,6807,4873307,7554,366,55,4,20
1771975038,486,1552,10448,0,1205200,9844951488,9466175488,31678451799,31678451712,1145990,6858,4895070,7607,367,55,4,20
1771975040,488,1556,10448,0,1205200,9922673088,9544032256,31740874839,31740874752,1147593,6871,4897377,7623,368,55,4,20
1771975042,490,1552,10448,0,1205200,10034596288,9655705600,31804072023,31804071936,1151110,6895,4901256,7648,370,55,4,20
1771975044,492,1556,10448,0,1205200,10152643008,9773801472,31867412567,31867412480,1157499,6930,4922011,7691,371,56,4,20
1771975046,494,1555,10448,0,1205200,10270980544,9892028416,31930892375,31930892288,1158791,6938,4923789,7701,373,56,4,20
1771975048,496,1553,10448,0,1205200,10388810176,10009993216,31994134615,31994134528,1162860,6968,4928028,7732,374,56,4,20
1771975050,498,1552,10448,0,1205200,10506176960,10127302656,32057299031,32057298944,1167291,6986,4931409,7754,376,56,4,20
1771975052,500,1533,10448,0,1205200,10624477632,10245660672,32120676439,32120676352,1172332,7025,4952382,7797,378,57,4,20
1771975054,502,1551,10448,0,1205200,10742569408,10363887616,32183992407,32183992320,1181454,7054,4957046,7837,379,57,4,20
1771975056,504,1556,10448,0,1205200,10860906944,10481983488,32247427159,32247427072,1182746,7062,4958824,7847,381,57,4,20
1771975058,506,1553,10448,0,1205200,10978748864,10599817216,32310698071,32310697984,1191016,7110,4981016,7901,382,57,4,20
1771975060,508,1552,10448,0,1205200,11096558016,10717519872,32373985367,32373985280,1192550,7122,4983188,7915,384,58,4,20
1771975062,510,1553,10448,0,1205200,11214973376,10836008960,32437452887,32437452800,1196067,7146,4987067,7940,385,58,4,20
1771975064,512,1551,10448,0,1205200,11332889024,10953973760,32500691031,32500690944,1201968,7176,5007014,7977,387,58,4,20
1771975066,514,1553,10448,0,1205200,11451222464,11072331776,32564187223,32564187136,1203260,7184,5008792,7987,388,58,4,20
1771975068,516,1551,10448,0,1205200,11563272640,11184529408,32627372119,32627372032,1208185,7225,5014013,8028,390,59,4,20
1771975070,518,1556,10448,0,1205200,11680713152,11301707776,32690516055,32690515968,1212619,7243,5017397,8050,391,59,4,20
1771975072,520,1551,10448,0,1205200,11795716544,11416920064,32753729623,32753729536,1217362,7278,5037876,8088,393,59,4,20
1771975074,522,1553,10448,0,1205200,11865434560,11486519296,32767967319,32767967232,1251173,7393,5059013,8194,394,59,4,20
1771975076,524,1553,10448,0,1205200,11983808960,11605139456,32767967319,32767967232,1251940,7399,5060659,8202,394,59,4,20
1771975078,526,1555,10448,0,1205200,12102126016,11723235328,32767967319,32767967232,1260066,7445,5082147,8253,395,60,4,20
1771975080,528,1555,10448,0,1205200,12219902400,11841069056,32767967319,32767967232,1261600,7457,5084319,8267,396,60,4,20
1771975082,530,1555,10448,0,1205200,12338354624,11959296000,32767967319,32767967232,1265204,7482,5088263,8293,397,60,4,20
1771975084,532,1556,10448,0,1205200,12456643008,12077916160,32767967319,32767967232,1269945,7502,5091610,8317,398,60,4,20
1771975086,534,1548,10448,0,1205200,12574886336,12196012032,32767967319,32767967232,1272977,7524,5119664,8345,399,60,4,20
1771975088,536,1555,10448,0,1205200,12693207488,12314238976,32767967319,32767967232,1277322,7558,5124331,8380,400,60,4,20
1771975090,538,1554,10448,0,1205200,12811360704,12432465920,32767967319,32767967232,1278856,7570,5126503,8394,401,61,4,20
1771975092,540,1556,10448,0,1205200,12929509824,12550692864,32767967319,32767967232,1286574,7612,5148335,8442,402,61,4,20
1771975094,542,1552,10448,0,1205200,13039413696,12659666944,32767967319,32767967232,1289024,7633,5151135,8465,403,61,4,20
1771975096,544,1551,10448,0,1205200,13089843648,12710129664,32767967319,32767967232,1290611,7644,5153096,8478,403,61,4,20
1771975098,546,1555,10448,0,1205200,13140314560,12760854528,32767967319,32767967232,1297957,7685,5159038,8522,403,61,4,20
1771975100,548,1556,10448,0,1205200,13190744512,12811186176,32767967319,32767967232,1301271,7715,5178486,8557,404,61,4,20
1771975102,550,1555,10448,0,1205200,13241285056,12861517824,32767967319,32767967232,1305289,7745,5182790,8586,404,61,4,20
1771975104,552,1553,10448,0,1205200,13343533504,12965457920,32768000087,32768000000,1307863,7768,5185636,8610,405,61,4,20
1771975106,554,1551,10448,0,1205200,13458926016,13080801280,32768000087,32768000000,1313850,7800,5206363,8650,406,61,4,20
1771975108,556,1555,10448,0,1205200,13573904832,13195620352,32768000087,32768000000,1319067,7843,5211590,8691,407,62,4,20
1771975110,558,1554,10448,0,1205200,13677746624,13299691520,32768000087,32768000000,1320604,7855,5213765,8705,408,62,4,20
1771975112,560,1552,10448,0,1205200,13792872896,13414903808,32768000087,32768000000,1324396,7883,5218071,8734,408,62,4,20
1771975114,562,1551,10448,0,1205200,13907925440,13529853952,32768000087,32768000000,1330297,7913,5238018,8771,409,62,4,20
1771975116,564,1552,10448,0,1205200,14023264704,13645197312,32768000087,32768000000,1341885,7941,5242731,8801,410,62,4,20
1771975118,566,1554,10448,0,1205200,14138251712,13760016384,32768000087,32768000000,1346750,7980,5257239,8843,411,62,4,20
1771975120,568,1554,10448,0,1205200,14253607360,13875490816,32768000087,32768000000,1352341,8008,5277220,8878,412,63,4,20
1771975122,570,1552,10448,0,1205200,14368807360,13990703104,32768000087,32768000000,1355858,8032,5281099,8903,413,63,4,20
1771975124,572,1584,10704,0,1205200,14483511744,14105391104,32768000087,32768000000,1357702,8046,5283237,8919,414,63,4,19
1771975126,574,1580,10704,0,1205200,14598601152,14220603392,32768000087,32768000000,1361891,8060,5286224,8937,415,63,4,16
1771975128,576,1582,10704,0,1205200,14713948608,14335684608,32768000087,32768000000,1367264,8102,5307207,8983,416,63,4,16
1771975130,578,1580,10704,0,1205200,14829033920,14451027968,32768000087,32768000000,1368798,8114,5309379,8997,417,63,4,16
1771975132,580,1583,10704,0,1205200,14944209344,14565978112,32768000087,32768000000,1372458,8140,5313401,9024,418,63,4,16
1771975134,582,1560,10704,0,1205200,15059528128,14681321472,32768000087,32768000000,1384773,8190,5336341,9086,419,64,4,16
1771975136,584,1583,10704,0,1205200,15174887872,14796926976,32768000087,32768000000,1386065,8198,5338119,9096,420,64,4,16
1771975138,586,1582,10704,0,1205200,15290292672,14912008192,32768000087,32768000000,1390221,8229,5342423,9128,421,64,4,16
1771975140,588,1580,10704,0,1205200,15405451712,15027351552,32768000087,32768000000,1395812,8257,5362404,9163,422,64,4,16
1771975142,590,1581,10704,0,1205200,15520606656,15142694912,32768000087,32768000000,1399329,8281,5366283,9188,422,64,4,16
1771975144,592,1581,10704,0,1205200,15635900864,15257513984,32768000087,32768000000,1401173,8295,5368421,9204,423,64,4,16
1771975146,594,1580,10704,0,1205200,15751215552,15373119488,32768000087,32768000000,1405362,8309,5371408,9222,424,65,4,16
1771975148,596,1581,10704,0,1205200,15866694080,15488724992,32768000087,32768000000,1411236,8354,5401990,9272,425,65,4,16
1771975150,598,1585,10704,0,1205200,15982029248,15603806208,32768000087,32768000000,1412770,8366,5404162,9286,426,65,4,16
1771975152,600,1583,10704,0,1205200,16097102272,15719018496,32768000087,32768000000,1416286,8390,5408040,9311,427,65,4,16
1771975154,602,1583,10704,0,1205200,16212466112,15834492928,32768000087,32768000000,1422789,8427,5428645,9355,428,65,4,16
1771975156,604,1293,8296,0,903900,16327739840,15949574144,32768000087,32768000000,1424376,8438,5430606,9368,429,65,3,15
1771975158,606,1294,8296,0,903900,16443034048,16065048576,32768000087,32768000000,1428462,8468,5434846,9399,430,66,3,15
1771975160,608,1293,8296,0,903900,16558332352,16180129792,32768000087,32768000000,1432893,8486,5438227,9421,430,66,3,15
1771975162,610,1296,8296,0,903900,16673274304,16295342080,32768000087,32768000000,1437636,8521,5458772,9460,431,66,3,15
1771975164,612,1293,8296,0,903900,16788634048,16370733056,32768000087,32768000000,1439546,8536,5461004,9477,432,66,3,15
1771975166,614,1293,8296,0,903900,16904178112,16423051264,32768000087,32768000000,1440838,8544,5462782,9487,433,66,3,15
1771975168,616,1294,8296,0,903900,17019500992,16475578368,32768000087,32768000000,1448035,8583,5468439,9529,434,66,3,15
1771975170,618,1293,8296,0,903900,17134807488,16566345728,32768000087,32768000000,1451705,8616,5488535,9568,435,66,3,15
1771975172,620,1296,8296,0,903900,17249970624,16678420480,32768000087,32768000000,1455999,8650,5493267,9601,436,67,3,15
1771975174,622,1296,8296,0,903900,17365072320,16791306240,32768000087,32768000000,1458417,8671,5496019,9624,436,67,3,15
1771975176,624,1296,8296,0,903900,17480464832,16905494528,32768000087,32768000000,1464268,8701,5516098,9660,437,67,3,15
1771975178,626,1293,8296,0,903900,17595521472,17017835520,32768000087,32768000000,1468996,8739,5520948,9698,438,67,3,15
1771975180,628,1293,8296,0,903900,17710803392,17133305856,32768000087,32768000000,1470828,8754,5523306,9715,439,67,3,15
1771975182,630,1293,8296,0,903900,17825917376,17247715328,32768000087,32768000000,1478743,8799,5545421,9765,440,67,3,15
1771975184,632,1293,8296,0,903900,17940933056,17360461824,32768000087,32768000000,1480604,8813,5547560,9781,441,68,3,15
1771975186,634,1296,8296,0,903900,18056251840,17475641344,32768000087,32768000000,1481896,8821,5549338,9791,442,68,3,15
1771975188,636,1296,8296,0,903900,18171582912,17590775808,32768000087,32768000000,1488861,8857,5554785,9830,443,68,3,15
1771975190,638,1293,8296,0,903900,18286647744,17704632320,32768000087,32768000000,1491555,8879,5573557,9857,443,68,3,15
1771975192,640,1293,8296,0,903900,18401806784,17819578368,32768000087,32768000000,1495072,8903,5577436,9882,444,68,3,15
1771975194,642,1274,8296,0,903900,18516937152,17934913536,32768000087,32768000000,1507908,8952,5586412,9937,445,68,3,15
1771975196,644,1293,8296,0,903900,18632051136,18049863680,32768000087,32768000000,1534190,9042,5618141,10019,446,69,3,15
1771975198,646,1296,8296,0,903900,18747406784,18164637696,32768000087,32768000000,1538259,9072,5622380,10050,447,69,3,15
1771975200,648,1293,8296,0,903900,18862471616,18279350272,32768000087,32768000000,1539793,9084,5624552,10064,448,69,3,15
1771975202,650,1293,8296,0,903900,18977606080,18393468928,32768000087,32768000000,1547367,9124,5646240,10110,449,69,3,15
1771975204,652,1293,8296,0,903900,19092888000,18509074432,32768000087,32768000000,1549211,9138,5648378,10126,450,69,3,15
1771975206,654,1296,8296,0,903900,19207973312,18624024576,32768000087,32768000000,1550503,9146,5650156,10136,451,69,3,15
1771975208,656,1293,8296,0,903900,19323263424,18739236864,32768000087,32768000000,1558192,9188,5665425,10182,451,70,3,15
1771975210,658,1293,8296,0,903900,19438434752,18854318080,32768000087,32768000000,1560886,9210,5684197,10209,452,70,3,15
1771975212,660,1296,8296,0,903900,19553147328,18969006080,32768000087,32768000000,1564490,9235,5688141,10235,453,70,3,15
1771975214,662,1296,8296,0,903900,19668498880,19084480512,32768000087,32768000000,1566936,9256,5690937,10258,454,70,3,15
1771975216,664,1293,8296,0,903900,19783772608,19199692800,32768000087,32768000000,1572580,9283,5710707,10292,455,70,3,15
1771975218,666,1294,8296,0,903900,19899173312,19315036160,32768000087,32768000000,1576665,9313,5714946,10323,456,70,3,15
1771975220,668,1293,8296,0,903900,20014496192,19430379520,32768000087,32768000000,1578199,9325,5717118,10337,457,71,3,15
1771975222,670,1296,8296,0,903900,20129352128,19545198592,32768000087,32768000000,1585839,9366,5738806,10383,458,71,3,15
1771975224,672,1293,8296,0,903900,20236360128,19651698688,32768000087,32768000000,1587839,9382,5741038,10400,458,71,3,15
1771975226,674,1296,8296,0,903900,20302703040,19717947392,32768000087,32768000000,1589131,9390,5742816,10410,459,71,3,15
1771975228,676,1296,8296,0,903900,20363860416,19779026944,32768000087,32768000000,1597344,9437,5764929,10463,459,71,3,15
1771975230,678,1296,8296,0,903900,20424993216,19840106496,32768000087,32768000000,1598878,9449,5767101,10477,460,71,3,15
1771975232,680,1276,8296,0,903900,20486142400,19901186048,32768000087,32768000000,1602670,9477,5771407,10506,461,71,3,15
1771975234,682,1293,8296,0,903900,20547283392,19962527744,32768000087,32768000000,1607345,9496,5774754,10530,461,71,3,15
1771975236,684,1293,8296,0,903900,20608481728,20023607296,32768000087,32768000000,1610285,9519,5793846,10558,462,71,3,15
1771975238,686,1293,8296,0,903900,20669544896,20084686848,32768000087,32768000000,1614498,9551,5798229,10591,462,71,3,15
1771975240,688,1296,8296,0,903900,20724545984,20139737088,32768000087,32768000000,1616587,9570,5801012,10612,463,71,3,15
1771975242,690,1293,8296,0,903900,20785670592,20200816640,32768000087,32768000000,1624059,9607,5821928,10654,463,71,3,15
1771975244,692,1296,8296,0,903900,20846803392,20261896192,32768000087,32768000000,1626585,9631,5825414,10680,464,72,3,15
1771975246,694,1294,8296,0,903900,20907911616,20323106816,32768000087,32768000000,1628429,9646,5827800,10697,464,72,3,15
1771975248,696,1296,8296,0,903900,20969007552,20384055296,32768000087,32768000000,1636060,9690,5833821,10742,465,72,3,15
1771975250,698,1293,8296,0,903900,21030148544,20445134848,32768000087,32768000000,1639309,9719,5853204,10776,466,72,3,15
1771975252,700,1294,8296,0,903900,21091293632,20506476544,32768000087,32768000000,1643121,9746,5857266,10804,466,72,3,15
1771975254,702,1307,8552,0,903900,21152098752,20567293952,32768000087,32768000000,1651396,9780,5862398,10845,467,72,3,13
1771975256,704,1323,8552,0,903900,21213256128,20628373504,32768000087,32768000000,1656745,9804,5881985,10876,468,72,3,11
1771975258,706,1324,8552,0,903900,21274356160,20689453056,32768000087,32768000000,1660814,9834,5886224,10907,469,72,3,11
1771975260,708,1319,8552,0,903900,21335460288,20750794752,32768000087,32768000000,1662348,9846,5888396,10921,469,72,3,11
1771975262,710,1323,8552,0,903900,21396646336,20811874304,32768000087,32768000000,1668933,9875,5908581,10956,470,72,3,11
1771975264,712,1323,8552,0,903900,21457832384,20872953856,32768000087,32768000000,1671766,9900,5912222,10983,470,72,3,11
1771975266,714,1321,8552,0,903900,21519022528,20934295552,32768000087,32768000000,1679992,9973,7269003,11063,471,72,3,11
1771975268,716,1323,8552,0,903900,21580229056,20995375104,32768000087,32768000000,1687559,10013,7284194,11108,471,72,3,11
1771975270,718,1321,8552,0,903900,21641390528,21056454656,32768000087,32768000000,1690319,10036,7302966,11135,472,73,3,11
1771975272,720,1323,8552,0,903900,21702605248,21117796352,32768000087,32768000000,1693835,10060,7306844,11160,472,73,3,11
1771975274,722,1322,8552,0,903900,21763799488,21179006976,32768000087,32768000000,1696279,10081,7309638,11183,473,73,3,11
1771975276,724,1322,8552,0,903900,21825137088,21240217600,32768000087,32768000000,1701923,10108,7329408,11217,474,73,3,11
1771975278,726,1323,8552,0,903900,21886286272,21301559296,32768000087,32768000000,1707005,10146,7334514,11257,474,73,3,11
1771975280,728,1322,8552,0,903900,21947431360,21362638848,32768000087,32768000000,1708539,10158,7336686,11271,475,73,3,11
1771975282,730,1320,8552,0,903900,22008555968,21423587328,32768000087,32768000000,1715562,10192,7358023,11314,475,73,3,11
1771975284,732,1323,8552,0,903900,22069742016,21484929024,32768000087,32768000000,1718298,10217,7361099,11339,476,73,3,11
1771975286,734,1065,6144,0,602600,22130891200,21546139648,32768000087,32768000000,1719590,10225,7362877,11349,476,73,2,10
1771975288,736,1065,6144,0,602600,22191995328,21607088128,32768000087,32768000000,1723658,10255,7367115,11380,477,73,2,10
1771975290,738,1067,6144,0,602600,22253107648,21668298752,32768000087,32768000000,1728724,10281,7386964,11413,477,73,2,10
1771975292,740,1067,6144,0,602600,22314269120,21729509376,32768000087,32768000000,1729774,10285,7387788,11418,478,73,2,10
1771975294,742,1066,6144,0,602600,22375434688,21790588928,32768000087,32768000000,1734228,10321,7392564,11455,479,73,2,10
1771975296,744,1065,6144,0,602600,22436604352,21851799552,32768000087,32768000000,1739999,10349,7412865,11491,479,74,2,10
1771975298,746,1065,6144,0,602600,22497688000,21912879104,32768000087,32768000000,1744067,10379,7417103,11522,480,74,2,10
1771975300,748,1065,6144,0,602600,22558734784,21973958656,32768000087,32768000000,1745601,10391,7419275,11536,480,74,2,10
1771975302,750,1067,6144,0,602600,22619855296,22034907136,32768000087,32768000000,1752186,10420,7439460,11571,481,74,2,10
1771975304,752,1067,6144,0,602600,22680902080,22096117760,32768000087,32768000000,1755294,10449,7443528,11602,481,74,2,10
1771975306,754,1067,6144,0,602600,22742055360,22157197312,32768000087,32768000000,1756586,10457,7445306,11612,482,74,2,10
1771975308,756,1066,6144,0,602600,22803175872,22218407936,32768000087,32768000000,1763551,10493,7450753,11651,482,74,2,10
1771975310,758,1067,6144,0,602600,22864312768,22279225344,32768000087,32768000000,1766245,10515,7469525,11678,483,74,2,10
1771975312,760,1067,6144,0,602600,22925392320,22340698112,32768000087,32768000000,1768424,10532,7472036,11696,484,74,2,10
1771975314,762,1053,6144,0,602600,22986516928,22401777664,32768000087,32768000000,1779253,10588,7479644,11756,484,74,2,10
1771975316,764,1067,6144,0,602600,23047637440,22462726144,32768000087,32768000000,1796044,10654,7507710,11825,485,74,2,10
1771975318,766,1067,6144,0,602600,23108741568,22523936768,32768000087,32768000000,1815272,10736,7520560,11895,485,74,2,10
1771975320,768,1067,6144,0,602600,23169882560,22585016320,32768000087,32768000000,1817361,10755,7523343,11916,486,74,2,10
1771975322,770,1067,6144,0,602600,23230994880,22646095872,32768000087,32768000000,1823423,10785,7543355,11953,486,75,2,10
1771975324,772,1067,6144,0,602600,23292119488,22707044352,32768000087,32768000000,1827323,10815,7547553,11984,487,75,2,10
1771975326,774,1067,6144,0,602600,23353223616,22768517120,32768000087,32768000000,1828615,10823,7549331,11994,488,75,2,10
1771975328,776,1067,6144,0,602600,23414368704,22829596672,32768000087,32768000000,1836304,10865,7564599,12040,488,75,2,10
1771975330,778,1065,6144,0,602600,23475489216,22890545152,32768000087,32768000000,1838998,10887,7583371,12067,489,75,2,10
1771975332,780,1065,6144,0,602600,23536568768,22951755776,32768000087,32768000000,1840622,10897,7585337,12079,489,75,2,10
1771975334,782,1067,6144,0,602600,23597627840,23012835328,32768000087,32768000000,1845236,10936,7590473,12119,490,75,2,10
1771975336,784,1066,6144,0,602600,23658805696,23073914880,32768000087,32768000000,1850880,10963,7610243,12153,490,75,2,10
1771975338,786,1067,6144,0,602600,23719913920,23134863360,32768000087,32768000000,1854965,10993,7614482,12184,491,75,2,10
1771975340,788,1065,6144,0,602600,23781009856,23196205056,32768000087,32768000000,1856565,11006,7616786,12200,492,75,2,10
1771975342,790,1067,6144,0,602600,23842195904,23257415680,32768000087,32768000000,1861960,11030,7636495,12232,492,75,2,10
1771975344,792,1066,6144,0,602600,23903328704,23318364160,32768000087,32768000000,1866203,11063,7640770,12264,493,75,2,10
1771975346,794,1066,6144,0,602600,23964379584,23379574784,32768000087,32768000000,1867495,11071,7642548,12274,493,75,2,10
1771975348,796,1067,6144,0,602600,24025455040,23440785408,32768000087,32768000000,1871563,11101,7646786,12305,494,76,2,10
1771975350,798,1066,6144,0,602600,24086571456,23501733888,32768000087,32768000000,1877154,11129,7666767,12340,494,76,2,10
1771975352,800,1052,6144,0,602600,24147655104,23562682368,32768000087,32768000000,1878844,11140,7668733,12352,495,76,2,10
1771975354,802,1065,6144,0,602600,24208738752,23623892992,32768000087,32768000000,1889924,11184,7675309,12405,495,76,2,10
1771975356,804,1067,6144,0,602600,24269855168,23685103616,32768000087,32768000000,1895273,11208,7694896,12436,496,76,2,10
1771975358,806,1065,6144,0,602600,24330959296,23746183168,32768000087,32768000000,1899485,11240,7699278,12469,497,76,2,10
1771975360,808,1067,6144,0,602600,24392137152,23807262720,32768000087,32768000000,1901019,11252,7701450,12483,497,76,2,10
1771975362,810,1065,6144,0,602600,24453188032,23868342272,32768000087,32768000000,1906836,11280,7721873,12520,498,76,2,10
1771975364,812,1065,6144,0,602600,24514324928,23929552896,32768000087,32768000000,1910924,11311,7726055,12551,498,76,2,10
1771975366,814,1063,6144,0,602600,24575482304,23990501376,32768000087,32768000000,1912216,11319,7727833,12561,499,76,2,10
1771975368,816,1067,6144,0,602600,24636606912,24051843072,32768000087,32768000000,1916284,11349,7732071,12592,499,76,2,10
1771975370,818,1067,6144,0,602600,24697752000,24113053696,32768000087,32768000000,1921875,11377,7752052,12627,500,76,2,10
1771975372,820,1065,6144,0,602600,24758880704,24174002176,32768000087,32768000000,1923499,11387,7754018,12639,500,76,2,10
1771975374,822,1065,6144,0,602600,24820079040,24235212800,32768000087,32768000000,1930198,11422,7759038,12677,501,77,2,10
1771975376,824,1066,6144,0,602600,24881220032,24296554496,32768000087,32768000000,1939064,11460,7780648,12724,502,77,2,10
1771975378,826,1067,6144,0,602600,24942287296,24357502976,32768000087,32768000000,1943408,11494,7785314,12759,502,77,2,10
1771975380,828,1065,6144,0,602600,25003366848,24418320384,32768000087,32768000000,1944942,11506,7787486,12773,503,77,2,10
1771975382,830,1065,6144,0,602600,25064466880,24479662080,32768000087,32768000000,1950018,11529,7791206,12799,503,77,2,10
1771975384,832,1066,6144,0,602600,25125550528,24540872704,32768000087,32768000000,1955576,11575,7812536,12849,504,77,2,10
1771975386,834,1067,6144,0,602600,25186609600,24601821184,32768000087,32768000000,1957371,11589,7814807,12864,504,77,2,10
1771975388,836,1065,6144,0,602600,25247685056,24662638592,32768000087,32768000000,1962817,11633,7829581,12908,505,77,2,10
1771975390,838,1067,6144,0,602600,25308785088,24723980288,32768000087,32768000000,1968897,11667,7850173,12950,506,77,2,10
1771975392,840,1065,6144,0,602600,25369876928,24785321984,32768000087,32768000000,1970816,11680,7852322,12965,506,77,2,10
1771975394,842,1066,6144,0,602600,25430997440,24846139392,32768000087,32768000000,1975313,11717,7857173,13003,507,77,2,10
1771975396,844,1065,6144,0,602600,25492015552,24906956800,32768000087,32768000000,1980891,11743,7876943,13037,507,77,2,10
1771975398,846,1067,6144,0,602600,25553226176,24968560640,32768000087,32768000000,1984976,11773,7881182,13068,508,77,2,10
1771975400,848,1065,6144,0,602600,25614412224,25029640192,32768000087,32768000000,1986510,11785,7883354,13082,508,77,2,10
1771975402,850,1066,6144,0,602600,25675553216,25090588672,32768000087,32768000000,1991551,11804,7902547,13109,509,78,2,10
1771975404,852,1065,6144,0,602600,25736743360,25152061440,32768000087,32768000000,2021787,11966,7925592,13278,509,78,2,10
1771975406,854,1067,6144,0,602600,25797745088,25213009920,32768000087,32768000000,2023757,11981,7928124,13297,510,78,2,10
1771975408,856,1066,6144,0,602600,25852705216,25267798016,32768000087,32768000000,2035243,12063,7954178,13388,510,78,2,10
1771975410,858,1065,6144,0,602600,25913780672,25328877568,32768000087,32768000000,2043079,12143,7964300,13479,511,78,2,10
1771975412,860,1065,6144,0,602600,25974798784,25390088192,32768000087,32768000000,2044722,12153,7966053,13491,512,78,2,10
1771975414,862,1065,6144,0,602600,26035861952,25451167744,32768000087,32768000000,2052797,12198,7988500,13547,512,78,2,10
1771975416,864,1065,6144,0,602600,26096933312,25511985152,32768000087,32768000000,2064319,12225,7993213,13577,513,78,2,10
1771975418,866,1067,6144,0,602600,26157967808,25572933632,32768000087,32768000000,2068766,12258,8007371,13616,513,78,2,10
1771975420,868,1066,6144,0,602600,26219055552,25634406400,32768000087,32768000000,2074159,12283,8027352,13651,514,78,2,10
1771975422,870,1067,6144,0,602600,26280139200,25695354880,32768000087,32768000000,2075209,12287,8028736,13657,514,78,2,10
1771975424,872,1065,6144,0,602600,26341276096,25756303360,32768000087,32768000000,2079255,12317,8033368,13692,515,78,2,10
1771975426,874,1067,6144,0,602600,26402392512,25817513984,32768000087,32768000000,2084894,12343,8053669,13728,515,78,2,10
1771975428,876,1067,6144,0,602600,26463533504,25878724608,32768000087,32768000000,2088764,12370,8057907,13759,516,79,2,10
1771975430,878,1066,6144,0,602600,26524621248,25939804160,32768000087,32768000000,2090166,12380,8060079,13773,517,79,2,10
1771975432,880,1067,6144,0,602600,26585700800,26000752640,32768000087,32768000000,2095207,12399,8079272,13800,517,79,2,10
1771975434,882,1052,6144,0,602600,26646862272,26062094336,32768000087,32768000000,2099385,12431,8083998,13836,518,79,2,10
1771975436,884,1067,6144,0,602600,26707995072,26123304960,32768000087,32768000000,2107025,12458,8088675,13870,518,79,2,10
1771975438,886,1066,6144,0,602600,26769160640,26184237056,32768000087,32768000000,2126072,12538,8118565,13952,519,79,2,10
1771975440,888,1067,6144,0,602600,26830166464,26245300224,32768000087,32768000000,2142258,12596,8128919,14001,519,79,2,10
1771975442,890,1065,6144,0,602600,26891274688,26306510848,32768000087,32768000000,2143394,12601,8130357,14008,520,79,2,10
1771975444,892,1067,6144,0,602600,26952407488,26367590400,32768000087,32768000000,2151783,12651,8152864,14065,521,79,2,10
1771975446,894,1067,6144,0,602600,27013482944,26428538880,32768000087,32768000000,2153075,12659,8154642,14075,521,79,2,10
1771975448,896,1067,6144,0,602600,27074615744,26489880576,32768000087,32768000000,2157867,12695,8168701,14113,522,79,2,10
1771975450,898,1066,6144,0,602600,27135711680,26550829056,32768000087,32768000000,2163392,12722,8188682,14148,522,79,2,10
1771975452,900,1065,6144,0,602600,27196787136,26611908608,32768000087,32768000000,2164997,12733,8190677,14161,523,79,2,10
1771975454,902,1065,6144,0,602600,27257899456,26672988160,32768000087,32768000000,2170431,12780,8196397,14207,523,80,2,10
1771975456,904,1067,6144,0,602600,27318901184,26734067712,32768000087,32768000000,2176218,12809,8216478,14243,524,80,2,10
1771975458,906,1066,6144,0,602600,27379947968,26795147264,32768000087,32768000000,2180885,12846,8221289,14280,524,80,2,10
1771975460,908,1065,6144,0,602600,27441011136,26856226816,32768000087,32768000000,2182776,12862,8224072,14301,525,80,2,10
1771975462,910,1065,6144,0,602600,27502086592,26917175296,32768000087,32768000000,2188112,12884,8243448,14331,526,80,2,10
1771975464,912,1065,6144,0,602600,27563166144,26978193408,32768000087,32768000000,2192544,12919,8248322,14369,526,80,2,10
1771975466,914,1067,6144,0,602600,27624221120,27039391744,32768000087,32768000000,2193968,12929,8250232,14381,527,80,2,10
1771975468,916,1067,6144,0,602600,27685321152,27100471296,32768000087,32768000000,2202028,12974,8272280,14433,527,80,2,10
1771975470,918,1067,6144,0,602600,27746351552,27161288704,32768000087,32768000000,2203562,12986,8274452,14447,528,80,2,10
1771975472,920,1052,6144,0,602600,27807443392,27222368256,32768000087,32768000000,2204612,12990,8275836,14453,528,80,2,10
1771975474,922,1067,6144,0,602600,27868498368,27283709952,32768000087,32768000000,2213474,13046,8298894,14516,529,80,2,10
1771975476,924,1067,6144,0,602600,27929639360,27344740352,32768000087,32768000000,2215065,13057,8300859,14529,530,80,2,10
1771975478,926,1065,6144,0,602600,27990702528,27405676544,32768000087,32768000000,2219294,13089,8305242,14562,530,80,2,10
1771975480,928,1067,6144,0,602600,28051765696,27466625024,32768000087,32768000000,2224819,13116,8325223,14597,531,80,2,10
1771975482,930,1066,6144,0,602600,28112869824,27527966720,32768000087,32768000000,2225869,13120,8326607,14603,531,81,2,10
1771975484,932,1067,6144,0,602600,28173920704,27589046272,32768000087,32768000000,2230267,13155,8331305,14639,532,81,2,10
1771975486,934,1066,6144,0,602600,28234996160,27649994752,32768000087,32768000000,2235972,13182,8351606,14675,532,81,2,10
1771975488,936,1067,6144,0,602600,28296120768,27710943232,32768000087,32768000000,2240404,13217,8356338,14711,533,81,2,10
1771975490,938,1067,6144,0,602600,28357220800,27772284928,32768000087,32768000000,2241938,13229,8358510,14725,534,81,2,10
1771975492,940,1065,6144,0,602600,28418312640,27833282560,32768000087,32768000000,2246979,13248,8377703,14752,534,81,2,10
1771975494,942,1067,6144,0,602600,28479420864,27894231040,32768000087,32768000000,2251631,13287,8382857,14792,535,81,2,10
1771975496,944,1067,6144,0,602600,28540524992,27955441664,32768000087,32768000000,2259271,13314,8387534,14826,535,81,2,10
1771975498,946,1065,6144,0,602600,28601629120,28016521216,32768000087,32768000000,2267330,13359,8409581,14878,536,81,2,10
1771975500,948,1066,6144,0,602600,28662770112,28077731840,32768000087,32768000000,2268864,13371,8411753,14892,536,81,2,10
1771975502,950,1067,6144,0,602600,28723874240,28138606592,32768000087,32768000000,2269914,13375,8413137,14898,537,81,2,10
1771975504,952,1067,6144,0,602600,28784953792,28199817216,32768000087,32768000000,2278491,13428,8436006,14958,537,81,2,10
1771975506,954,1067,6144,0,602600,28846090688,28260954112,32768000087,32768000000,2279783,13436,8437784,14968,538,81,2,10
1771975508,956,1065,6144,0,602600,28907157952,28321902592,32768000087,32768000000,2284431,13470,8451700,15004,539,82,2,10
1771975510,958,1067,6144,0,602600,28968315328,28383113216,32768000087,32768000000,2289956,13497,8471681,15039,539,82,2,10
1771975512,960,1065,6144,0,602600,29029431744,28444192768,32768000087,32768000000,2291006,13501,8473065,15045,540,82,2,10
1771975514,962,1067,6144,0,602600,29090564544,28505272320,32768000087,32768000000,2295919,13542,8478356,15087,540,82,2,10
1771975516,964,1066,6144,0,602600,29151640000,28566351872,32768000087,32768000000,2301497,13568,8498126,15121,541,82,2,10
1771975518,966,1067,6144,0,602600,29212780992,28627562496,32768000087,32768000000,2305582,13598,8502365,15152,541,82,2,10
1771975520,968,1066,6144,0,602600,29273844160,28688773120,32768000087,32768000000,2307116,13610,8504537,15166,542,82,2,10
1771975522,970,1066,6144,0,602600,29334952384,28749721600,32768000087,32768000000,2312186,13634,8524208,15198,542,82,2,10
1771975524,972,1067,6144,0,602600,29396052416,28810670080,32768000087,32768000000,2317491,13680,8529319,15245,543,82,2,10
1771975526,974,1067,6144,0,602600,29457164736,28872142848,32768000087,32768000000,2319447,13696,8531719,15262,544,82,2,10
1771975528,976,1067,6144,0,602600,29518387648,28933206016,32768000087,32768000000,2328353,13752,8554739,15324,544,82,2,10
1771975530,978,1067,6144,0,602600,29579475392,28994154496,32768000087,32768000000,2330195,13767,8557473,15344,545,82,2,10
1771975532,980,1051,6144,0,602600,29640640960,29055365120,32768000087,32768000000,2331540,13774,8559040,15353,545,82,2,10
1771975534,982,1067,6144,0,602600,29701753280,29116575744,32768000087,32768000000,2339741,13821,8581629,15411,546,83,2,10
1771975536,984,1067,6144,0,602600,29762869696,29177655296,32768000087,32768000000,2340967,13828,8583407,15421,546,83,2,10
1771975538,986,1067,6144,0,602600,29823965632,29238472704,32768000087,32768000000,2344837,13855,8587645,15452,547,83,2,10
1771975540,988,1067,6144,0,602600,29885041088,29299945472,32768000087,32768000000,2350230,13880,8607626,15487,547,83,2,10
1771975542,990,1067,6144,0,602600,29946132928,29361025024,32768000087,32768000000,2351280,13884,8609010,15493,548,83,2,10
1771975544,992,1065,6144,0,602600,30006655424,29421580288,32768000087,32768000000,2355536,13917,8614070,15532,549,83,2,10
1771975546,994,1067,6144,0,602600,30067796416,29482602496,32768000087,32768000000,2361175,13943,8634371,15568,549,83,2,10
1771975548,996,1067,6144,0,602600,30128896448,29543550976,32768000087,32768000000,2365255,13973,8639037,15603,550,83,2,10
1771975550,998,1066,6144,0,602600,30190025152,29604499456,32768000087,32768000000,2366657,13983,8641209,15617,550,83,2,10
1771975552,1000,1066,6144,0,602600,30251162048,29665972224,32768000087,32768000000,2371698,14002,8660402,15644,551,83,2,10
1771975554,1002,1067,6144,0,602600,30312217024,29726920704,32768000087,32768000000,2375876,14034,8665128,15680,551,83,2,10
1771975556,1004,1067,6144,0,602600,30373349824,29787869184,32768000087,32768000000,2383516,14061,8669805,15714,552,84,2,10
1771975558,1006,1067,6144,0,602600,30434380224,29849079808,32768000087,32768000000,2391719,14108,8691996,15768,552,84,2,10
1771975560,1008,1065,6144,0,602600,30495545792,29910290432,32768000087,32768000000,2410551,14175,8705970,15828,553,84,2,10
1771975562,1010,1067,6144,0,602600,30556682688,29971369984,32768000087,32768000000,2419887,14205,8711558,15853,554,84,2,10
1771975564,1012,1067,6144,0,602600,30617807296,30032318464,32768000087,32768000000,2428188,14254,8733999,15909,554,84,2,10
1771975566,1014,1067,6144,0,602600,30678948288,30093234176,32768000087,32768000000,2441810,14333,10070817,15979,555,84,2,10
1771975568,1016,1065,6144,0,602600,30740064704,30153809920,32768000087,32768000000,2450523,14415,10089402,16062,555,84,2,10
1771975570,1018,1057,6144,0,602600,30801193408,30214758400,32768000087,32768000000,2462816,14516,10117539,16176,556,84,2,10
1771975572,1020,1065,6144,0,602600,30862285248,30275969024,32768000087,32768000000,2464459,14526,10119292,16188,556,84,2,10
1771975574,1022,1067,6144,0,602600,30923479488,30336847872,32768000087,32768000000,2473359,14611,10129540,16279,557,84,2,10
1771975576,1024,1067,6144,0,602600,30984673728,30397796352,32768000087,32768000000,2479576,14644,10150047,16322,557,84,2,10
1771975578,1026,1067,6144,0,602600,31045753280,30459006976,32768000087,32768000000,2483987,14677,10154768,16358,558,84,2,10
1771975580,1028,1065,6144,0,602600,31106890176,30520315904,32768000087,32768000000,2485392,14687,10156943,16372,559,84,2,10
1771975582,1030,1065,6144,0,602600,31168047552,30581211136,32768000087,32768000000,2490433,14706,10176136,16399,559,85,2,10
1771975584,1032,1067,6144,0,602600,31229131200,30642290688,32768000087,32768000000,2494569,14737,10180862,16435,560,85,2,10
1771975586,1034,1067,6144,0,602600,31290259904,30703501312,32768000087,32768000000,2495795,14744,10182640,16445,560,85,2,10
1771975588,1036,1067,6144,0,602600,31351441856,30764240896,32768000087,32768000000,2503744,14787,10204753,16498,561,85,2,10
1771975590,1038,1065,6144,0,602600,31406565824,30819098624,32768000087,32768000000,2505146,14797,10206925,16512,561,85,2,10
1771975592,1040,1052,6144,0,602600,31467751872,30880309248,32768000087,32768000000,2506196,14801,10208309,16518,562,85,2,10
1771975594,1042,1065,6144,0,602600,31528827328,30940798976,32768000087,32768000000,2514233,14846,10230750,16574,562,85,2,10
1771975596,1044,1065,6144,0,602600,31589984704,31001878528,32768000087,32768000000,2515459,14853,10232528,16584,563,85,2,10
1771975598,1046,1065,6144,0,602600,31651019200,31062958080,32768000087,32768000000,2519473,14882,10236910,16617,563,85,2,10
1771975600,1048,1067,6144,0,602600,31712225728,31124168704,32768000087,32768000000,2524866,14907,10256891,16652,564,85,2,10
1771975602,1050,1067,6144,0,602600,31773329856,31185166336,32768000087,32768000000,2525916,14911,10258275,16658,565,85,2,10
1771975604,1052,1065,6144,0,602600,31834417600,31246245888,32768000087,32768000000,2529963,14941,10262908,16693,565,85,2,10
1771975606,1054,1067,6144,0,602600,31895579072,31307587584,32768000087,32768000000,2535602,14967,10283209,16729,566,85,2,10
1771975608,1056,1065,6144,0,602600,31956728256,31368536064,32768000087,32768000000,2539472,14994,10287447,16760,566,86,2,10
1771975610,1058,1065,6144,0,602600,32017906112,31429746688,32768000087,32768000000,2540874,15004,10289619,16774,567,86,2,10
1771975612,1060,1067,6144,0,602600,32078977472,31490957312,32768000087,32768000000,2545915,15023,10308812,16801,567,86,2,10
1771975614,1062,1065,6144,0,602600,32140163520,31552036864,32768000087,32768000000,2550105,15055,10313682,16839,568,86,2,10
1771975616,1064,1066,6144,0,602600,32201312704,31613247488,32768000087,32768000000,2557679,15081,10318359,16873,569,86,2,10
1771975618,1066,1066,6144,0,602600,32262404544,31674327040,32768000087,32768000000,2565540,15123,10340406,16925,569,86,2,10
1771975620,1068,1065,6144,0,602600,32323533248,31735406592,32768000087,32768000000,2566942,15133,10342578,16939,570,86,2,10
1771975622,1070,1065,6144,0,602600,32384686528,31796617216,32768000087,32768000000,2582284,15294,10361256,17114,570,86,2,10
1771975624,1072,1067,6144,0,602600,32445757888,31857565696,32768000087,32768000000,2596559,15410,10389845,17232,571,86,2,10
1771975626,1074,1066,6144,0,602600,32506972608,31918907392,32768000087,32768000000,2598150,15421,10391810,17245,571,86,2,10
1771975628,1076,1066,6144,0,602600,32568015296,31979855872,32768000087,32768000000,2608760,15519,10412654,17348,572,86,2,10
1771975630,1078,1066,6144,0,602600,32629127616,32040935424,32768000087,32768000000,2614657,15550,10433261,17390,572,86,2,10
1771975632,1080,1067,6144,0,602600,32690182592,32102014976,32768000087,32768000000,2616005,15557,10434831,17399,573,86,2,10
1771975634,1082,1067,6144,0,602600,32751290816,32163225600,32768000087,32768000000,2620605,15593,10440123,17441,574,87,2,10
1771975636,1084,1067,6144,0,602600,32768006592,32178331648,32768000087,32768000000,2626117,15618,10459893,17475,574,87,2,10
1771975638,1086,1066,6144,0,602600,32768006592,32178331648,32768000087,32768000000,2630005,15645,10464133,17506,574,87,2,10
1771975640,1088,1066,6144,0,602600,32768006592,32178331648,32768000087,32768000000,2631473,15656,10466437,17522,574,87,2,10
1771975642,1090,1065,6144,0,602600,32768006592,32178331648,32768000087,32768000000,2636514,15675,10485630,17549,574,87,2,10
1771975644,1092,1065,6144,0,602600,32768006592,32178331648,32768000087,32768000000,2640704,15707,10490500,17587,574,87,2,10
1771975646,1094,1066,6144,0,602600,32768006592,32178331648,32768000087,32768000000,2641930,15714,10492278,17597,574,87,2,10
1771975648,1096,1067,6144,0,602600,32768006592,32178331648,32768000087,32768000000,2649933,15758,10514467,17651,574,87,2,10
1771975650,1098,1065,6144,0,602600,32768006592,32178331648,32768000087,32768000000,2651335,15768,10516639,17665,574,87,2,10
1771975652,1100,1067,6144,0,602600,32768006592,32178331648,32768000087,32768000000,2652471,15773,10518077,17672,574,87,2,10
1771975654,1102,1067,6144,0,602600,32768006592,32178331648,32768000087,32768000000,2667631,15831,10543043,17752,574,87,2,10
1771975656,1104,1065,6144,0,602600,32768006592,32178331648,32768000087,32768000000,2668857,15838,10544821,17762,574,87,2,10
1771975658,1106,1067,6144,0,602600,32768006592,32178331648,32768000087,32768000000,2672725,15865,10548991,17792,574,87,2,10
1771975660,1108,1067,6144,0,602600,32768006592,32178331648,32768000087,32768000000,2678118,15890,10568972,17827,574,87,2,10
1771975662,1110,1061,6144,0,602600,32768006592,32178331648,32768000087,32768000000,2679168,15894,10570356,17833,574,87,2,10
1771975664,1112,1067,6144,0,602600,32768006592,32178331648,32768000087,32768000000,2683212,15924,10574986,17868,574,87,2,10
1771975666,1114,1106,6528,0,602600,32768006592,32178331648,32768000087,32768000000,2688851,15950,10595287,17904,575,87,2,2
1771975668,1116,1106,6528,0,602600,32768006592,32178331648,32768000087,32768000000,2692809,15978,10599525,17935,575,87,2,2
1771975670,1118,1109,6528,0,602600,32768006592,32178331648,32768000087,32768000000,2694708,15994,10602316,17956,575,87,2,2
1771975672,1120,1106,6528,0,602600,32768006592,32178331648,32768000087,32768000000,2700043,16016,10621691,17986,575,87,2,2
1771975674,1122,1106,6528,0,602600,32768006592,32178331648,32768000087,32768000000,2704249,16048,10626561,18024,575,87,2,2
1771975676,1124,1108,6528,0,602600,32768006592,32178331648,32768000087,32768000000,2711889,16075,10631238,18058,575,87,2,2
1771975678,1126,1108,6528,0,602600,32768006592,32178331648,32768000087,32768000000,2716930,16094,10650431,18085,575,87,2,2
1771975680,1128,1108,6528,0,602600,32768006592,32178331648,32768000087,32768000000,2720977,16125,10655326,18122,575,87,2,2
1771975682,1130,1106,6528,0,602600,32768006592,32178331648,32768000087,32768000000,2745737,16204,10672494,18190,575,87,2,2
1771975684,1132,1107,6528,0,602600,32768006592,32178331648,32768000087,32768000000,2755675,16255,10695026,18247,575,87,2,2
1771975686,1134,1106,6528,0,602600,32768006592,32178331648,32768000087,32768000000,2756901,16262,10696804,18257,575,87,2,2
1771975688,1136,1108,6528,0,602600,32768006592,32178331648,32768000087,32768000000,2761493,16295,10710795,18294,575,87,2,2
1771975690,1138,1088,6528,0,602600,32768006592,32178331648,32768000087,32768000000,2766886,16320,10730776,18329,575,87,2,2
1771975692,1140,1106,6528,0,602600,32768006592,32178331648,32768000087,32768000000,2767936,16324,10732160,18335,575,87,2,2
1771975694,1142,1106,6528,0,602600,32768006592,32178331648,32768000087,32768000000,2772517,16360,10737449,18377,575,87,2,2
